tag,method,path,operationId,auth,param_count,request_body,success_codes,summary,response_schemas
accounting-account,GET,/api-v2/accounting-account,AccountingAccountController_index,Yes,7,,200,,200=>application/json:object
accounting-account,GET,/api-v2/accounting-account/{id},AccountingAccountController_getById,Yes,1,,200,,200=>application/json:object
accounting-account,POST,/api-v2/accounting-account,AccountingAccountController_create,Yes,0,application/json:CreateAccountingAccount,201,,201=>application/json:object
accounting-account,PATCH,/api-v2/accounting-account/{id},AccountingAccountController_updateAccountingCode,Yes,1,application/json:UpdateAccountingAccount,200,,200=>application/json:object
accounting-code,GET,/api-v2/accounting-code,AccountingCodeController_index,Yes,7,,200,,200=>application/json:object
accounting-code,GET,/api-v2/accounting-code/{id},AccountingCodeController_getById,Yes,1,,200,,200=>application/json:object
accounting-code,POST,/api-v2/accounting-code,AccountingCodeController_create,Yes,0,application/json:CreateAccountingCode,201,,201=>application/json:object
accounting-code,PATCH,/api-v2/accounting-code/{id},AccountingCodeController_updateAccountingCode,Yes,1,application/json:UpdateAccountingCode,200,,200=>application/json:object
actions,GET,/api-v2/actions,ActionsController_index,Yes,7,,200,,200=>application/json:object
alert-templates,GET,/api-v2/alert-templates,AlertTemplateController_index,Yes,7,,200,,200=>application/json:object
analytics,GET,/api-v2/analytics/churn,AnalyticsController_getChurn,Yes,3,,200,,200=>application/json:object
analytics,GET,/api-v2/analytics/conference-amenity,AnalyticsController_getAmenityAnalytics,Yes,3,,200,,200=>application/json:object
analytics,GET,/api-v2/analytics/dashboard-event-calendar,AnalyticsController_getDashboardEventCalendar,Yes,3,,200,,200=>application/json:object
analytics,GET,/api-v2/analytics/discount-pie-chart,AnalyticsController_getDiscountPieChart,Yes,3,,200,,200=>application/json:object
analytics,GET,/api-v2/analytics/move-in-move-out-widget,AnalyticsController_getMoveInMoveOutWidget,Yes,3,,200,,200=>application/json:object
analytics,GET,/api-v2/analytics/move-in-out,AnalyticsController_getMoveInOutAnalytics,Yes,2,,200,,200=>application/json:object
analytics,GET,/api-v2/analytics/occupancy/breakdown,AnalyticsController_getOccupancyBreakdown,Yes,3,,200,,200=>application/json:object
analytics,GET,/api-v2/analytics/occupancy/general,AnalyticsController_getGenralOccupancyStatistics,Yes,2,,200,,200=>application/json:object
analytics,GET,/api-v2/analytics/occupancy/timeline,AnalyticsController_getOccupancyByType,Yes,3,,200,,200=>application/json:object
analytics,GET,/api-v2/analytics/overview-widget,AnalyticsController_getOverview,Yes,3,,200,,200=>application/json:object
analytics,GET,/api-v2/analytics/report-categories,AnalyticsController_getReportCategories,Yes,0,,200,,200=>application/json:object
analytics,GET,/api-v2/analytics/reports,AnalyticsController_getReports,Yes,0,,200,,200=>application/json:object
analytics,GET,/api-v2/analytics/reports/{id},AnalyticsController_getReportById,Yes,1,,200,,200=>application/json:object
analytics,GET,/api-v2/analytics/unit-types,AnalyticsController_getUnitTypes,Yes,0,,200,,200=>application/json:object
analytics,POST,/api-v2/analytics/report-categories,AnalyticsController_createReportCategory,Yes,0,application/json:CreateReportCategoryValidation,201,,201=>application/json:object
analytics,POST,/api-v2/analytics/send-email,AnalyticsController_create,Yes,0,application/json:SendReportInMail,201,,201=>application/json:object
analytics,PUT,/api-v2/analytics/report-categories/{id},AnalyticsController_updateReportCategory,Yes,1,application/json:CreateReportCategoryValidation,200,,200=>application/json:object
analytics,PUT,/api-v2/analytics/reports/{id},AnalyticsController_updateReport,Yes,1,application/json:UpdateReportValidation,200,,200=>application/json:object
analytics,DELETE,/api-v2/analytics/report-categories/{id},AnalyticsController_deleteReportCategory,Yes,1,,200,,200=>application/json:object
applications,GET,/api-v2/applications,ApplicationController_getAll,Yes,7,,200,,200=>application/json:ApplicationPaginator
applications,POST,/api-v2/applications,ApplicationController_create,Yes,0,application/json:CreateApplicationValidation,201,,201=>application/json:ApplicationDTO
applications,POST,/api-v2/applications/public,ApplicationController_publicCreate,No,0,application/json:PublicCreateApplicationValidation,201,,201=>application/json:object
applications,PATCH,/api-v2/applications/{id},ApplicationController_update,Yes,1,application/json:UpdateApplicationValidation,200,,200=>application/json:ApplicationDTO
applications,PATCH,/api-v2/applications/{id}/approve,ApplicationController_approve,Yes,1,,200,,200=>application/json:object
applications,PATCH,/api-v2/applications/{id}/reject,ApplicationController_reject,Yes,1,application/json:RejectApplicationValidation,200,,200=>application/json:object
auth,GET,/api-v2/auth/me,AuthController_me,Yes,0,,200,,200=>application/json:UserDTOWithoutToken
auth,POST,/api-v2/auth/check-token,AuthController_checkToken,No,0,application/json:CheckUserToken,201,,201=>application/json:UserDTO
auth,POST,/api-v2/auth/impersonate,AuthController_loginAsMember,No,0,application/json:LoginAsMemberValidation,201,,201=>application/json:object
auth,POST,/api-v2/auth/login,AuthController_userLogin,No,0,application/json:LoginUser,201,,201=>application/json:object
bills,GET,/api-v2/bills/approval-logs,BillsController_getApprovalLogsByInvoiceId,Yes,1,,200,,200=>application/json:object
bills,POST,/api-v2/bills/approve,BillsController_approveBillByReviewer,Yes,0,application/json:ApproveBill,201,,201=>application/json:object
bills,PUT,/api-v2/bills/revoke,BillsController_revokeBillByReviewer,Yes,0,application/json:ApproveBill,200,,200=>application/json:object
budgets,GET,/api-v2/budgets,BudgetController_getAll,Yes,7,,200,,200=>application/json:array<BudgetDTO>
budgets,GET,/api-v2/budgets/values,BudgetController_getBudgetValues,Yes,7,,200,,200=>application/json:array<BudgetValueDTO>
budgets,POST,/api-v2/budgets,BudgetController_create,Yes,0,application/json:CreateBudget,201,,201=>application/json:BudgetDTO
budgets,POST,/api-v2/budgets/values,BudgetController_createBudgetValue,Yes,0,application/json:CreateBudgetValueValidation,201,,201=>application/json:BudgetValueDTO
budgets,POST,/api-v2/budgets/values/template,BudgetController_getTemplate,Yes,0,application/json:GetBudgetTemplateValidation,201,,201=>application/json:object
budgets,POST,/api-v2/budgets/values/{id}/import,BudgetController_import,Yes,1,,201,,201=>application/json:object
budgets,PATCH,/api-v2/budgets/values/{id},BudgetController_UpdateBudgetValueValue,Yes,1,application/json:UpdateBudgetValueValue,200,,200=>application/json:BudgetValueDTO
budgets,DELETE,/api-v2/budgets/values/{id},BudgetController_removeBudgetValue,Yes,1,,200,,
cams,GET,/api-v2/cams,CamsController_getAll,Yes,7,,200,,200=>application/json:object
cams,GET,/api-v2/cams/cams-expenses-lines/{id},CamsController_getCamsWithExpensesLines,Yes,1,,200,,200=>application/json:object
cams,GET,/api-v2/cams/get-cam-invoices/{id},CamsController_getCamInvoices,Yes,1,,200,,200=>application/json:object
cams,GET,/api-v2/cams/get-invoices-members-simulation/{id},CamsController_getInvoicesMembersSimulation,Yes,1,,200,,200=>application/json:object
cams,GET,/api-v2/cams/initiating-invoice-members/{id},CamsController_initiatingInvoiceMembers,Yes,1,,200,,200=>application/json:object
cams,GET,/api-v2/cams/outstanding-cams-report,CamsController_getOutstandingCamsReport,Yes,3,,200,,
cams,POST,/api-v2/cams,CamsController_createCam,Yes,0,application/json:CreateCAM,201,,201=>application/json:object
cams,PATCH,/api-v2/cams/{id},CamsController_update,Yes,1,application/json:UpdateCAM,200,,200=>application/json:object
chats,GET,/api-v2/chats,ChatController_getChatConversations,Yes,0,,200,,200=>application/json:object
chats,GET,/api-v2/chats/chat-notification-user-email,ChatController_getChatNotificationEmails,Yes,0,,200,,200=>application/json:object
chats,GET,/api-v2/chats/tenants/{id},ChatController_getConversationByTenantId,Yes,1,,200,,200=>application/json:object
chats,GET,/api-v2/chats/{id},ChatController_getConversation,Yes,1,,200,,200=>application/json:object
chats,POST,/api-v2/chats,ChatController_sendMessage,Yes,0,application/json:CreateChatMessageValidation,201,,201=>application/json:object
chats,POST,/api-v2/chats/chat-notification-user-email,ChatController_storeChatNotificationUserEmails,Yes,0,application/json:ChatNotificationUserEmailValidation,201,,201=>application/json:object
checks,GET,/api-v2/checks,CheckController_index,Yes,7,,200,,200=>application/json:object
checks,GET,/api-v2/checks/{id},CheckController_getById,Yes,2,,200,,200=>application/json:object
checks,POST,/api-v2/checks,CheckController_create,Yes,0,application/json:CreateCheck,201,,201=>application/json:object
checks,PATCH,/api-v2/checks/{id},CheckController_updateCheck,Yes,1,application/json:UpdateCheck,200,,200=>application/json:object
checks,DELETE,/api-v2/checks/{id},CheckController_deleteCheck,Yes,1,,200,,200=>application/json:object
companies,GET,/api-v2/companies,CompanyController_getAll,Yes,7,,200,,200=>application/json:array<object>
companies,POST,/api-v2/companies,CompanyController_create,Yes,0,application/json:CreateCompanyValidation,201,,201=>application/json:CompanyDto
companies,PATCH,/api-v2/companies/{id},CompanyController_update,Yes,1,application/json:UpdateCompanyValidation,200,,200=>application/json:CompanyDto
content,GET,/api-v2/content,ContentController_get,Yes,7,,200,,200=>application/json:object
content,GET,/api-v2/content/ticket-analytics-report,ContentController_getTicketAnalyticsReport,Yes,3,,200,,200=>application/json:object
content,GET,/api-v2/content/{id},ContentController_getById,Yes,2,,200,,200=>application/json:object
content,POST,/api-v2/content,ContentController_create,Yes,0,application/json:CreateContent,201,,201=>application/json:object
content,POST,/api-v2/content/overdue-notification,ContentController_overdueNotification,Yes,0,,201,,201=>application/json:object
contract-templates,GET,/api-v2/contract-templates,ContractTemplateController_getAll,Yes,7,,200,,200=>application/json:object
contract-templates,POST,/api-v2/contract-templates,ContractTemplateController_create,Yes,0,application/json:CreateContractTemplate,201,,201=>application/json:object
contract-templates,DELETE,/api-v2/contract-templates/{id},ContractTemplateController_destroy,Yes,1,,200,,200=>application/json:object
contracts,GET,/api-v2/contracts,ContractController_index,Yes,7,,200,,200=>application/json:object
contracts,GET,/api-v2/contracts/search_member,ContractController_searchMember,Yes,7,,200,,200=>application/json:object
contracts,GET,/api-v2/contracts/{id},ContractController_show,Yes,1,,200,,200=>application/json:ContractDTO
contracts,POST,/api-v2/contracts/smart,ContractController_create,Yes,0,application/json:CreateSmartContract,201,,201=>application/json:ContractDTO
contracts,PUT,/api-v2/contracts/{id},ContractController_update,Yes,1,application/json:UpdateSmartContractValidation,200,,200=>application/json:object
contracts,PATCH,/api-v2/contracts/{id}/approve,ContractController_approve,Yes,1,,200,,200=>application/json:object
contracts,PATCH,/api-v2/contracts/{id}/decline,ContractController_decline,Yes,1,application/json:DeclineSmartContract,200,,200=>application/json:object
contracts,PATCH,/api-v2/contracts/{id}/sign,ContractController_sign,Yes,1,,200,,200=>application/json:object
contracts,DELETE,/api-v2/contracts/{id},ContractController_remove,Yes,1,,200,,200=>application/json:object
countries,GET,/api-v2/countries,CountryController_index,Yes,6,,200,,200=>application/json:object
countries,GET,/api-v2/countries/{id},CountryController_getById,Yes,1,,200,,200=>application/json:object
currencies,GET,/api-v2/currencies,CurrencyController_index,Yes,6,,200,,200=>application/json:array<CurrencyDTO>
custom-field-values,GET,/api-v2/custom-field-values,CustomFieldValuesController_getAll,Yes,7,,200,,200=>application/json:CustomFieldValuePaginator
custom-field-values,POST,/api-v2/custom-field-values,CustomFieldValuesController_create,Yes,0,application/json:array<string>,201,,201=>application/json:CustomFieldValueDTO
custom-field-values,PATCH,/api-v2/custom-field-values/{id},CustomFieldValuesController_update,Yes,1,application/json:UpdateCustomFieldValueValidation,200,,200=>application/json:CustomFieldValueDTO
custom-fields,GET,/api-v2/custom-fields,CustomFieldsController_getAll,Yes,7,,200,,200=>application/json:CustomFieldPaginator
custom-fields,POST,/api-v2/custom-fields,CustomFieldsController_create,Yes,0,application/json:CreateCustomFieldValidation,201,,201=>application/json:CustomFieldDTO
custom-fields,PATCH,/api-v2/custom-fields/{id},CustomFieldsController_update,Yes,1,application/json:UpdateCustomFieldValidation,200,,200=>application/json:CustomFieldDTO
email-group-conditions,GET,/api-v2/email-group-conditions,EmailGroupConditionController_index,Yes,7,,200,,200=>application/json:object
email-group-conditions,GET,/api-v2/email-group-conditions/{id},EmailGroupConditionController_show,Yes,1,,200,,200=>application/json:EmailGroupConditionDTO
email-group-conditions,GET,/api-v2/email-group-conditions/{id}/{selector},EmailGroupConditionController_showEmails,Yes,2,,200,,200=>application/json:object
email-group-conditions,POST,/api-v2/email-group-conditions,EmailGroupConditionController_create,Yes,0,,201,,201=>application/json:array<EmailGroupConditionDTO>
email-group-conditions,PUT,/api-v2/email-group-conditions,EmailGroupConditionController_update,Yes,0,,200,,200=>application/json:array<EmailGroupConditionDTO>
email-group-conditions,DELETE,/api-v2/email-group-conditions/{id},EmailGroupConditionController_remove,Yes,1,,200,,200=>application/json:number
email-groups,GET,/api-v2/email-groups,EmailGroupController_index,Yes,7,,200,,200=>application/json:object
email-groups,GET,/api-v2/email-groups/{id},EmailGroupController_show,Yes,1,,200,,200=>application/json:EmailGroupDTO
email-groups,POST,/api-v2/email-groups,EmailGroupController_create,Yes,0,application/json:CreateEmailGroup,201,,201=>application/json:EmailGroupDTO
email-groups,PUT,/api-v2/email-groups/{id},EmailGroupController_update,Yes,1,application/json:UpdateEmailGroup,200,,200=>application/json:EmailGroupDTO
email-groups,DELETE,/api-v2/email-groups/{id},EmailGroupController_remove,Yes,1,,200,,200=>application/json:number
email-lists,GET,/api-v2/email-lists,EmailListController_index,Yes,7,,200,,200=>application/json:object
email-logs,GET,/api-v2/email-logs,EmailLogController_getLeadsByEmail,Yes,3,,200,,200=>application/json:object
email-logs,GET,/api-v2/email-logs/export,EmailLogController_exportEmailLogs,Yes,2,,200,,
email-senders,GET,/api-v2/email-senders,EmailSenderController_index,Yes,7,,200,,200=>application/json:object
email-senders,GET,/api-v2/email-senders/{id},EmailSenderController_show,Yes,1,,200,,200=>application/json:EmailSenderDTO
email-senders,POST,/api-v2/email-senders,EmailSenderController_create,Yes,0,application/json:CreateEmailSender,201,,201=>application/json:EmailSenderDTO
email-senders,PUT,/api-v2/email-senders/{id},EmailSenderController_update,Yes,1,application/json:UpdateEmailSender,200,,200=>application/json:EmailSenderDTO
email-senders,DELETE,/api-v2/email-senders/{id},EmailSenderController_remove,Yes,1,,200,,200=>application/json:number
email-templates,GET,/api-v2/email-templates,EmailTemplateController_index,Yes,7,,200,,200=>application/json:object
email-templates,GET,/api-v2/email-templates/{id},EmailTemplateController_show,Yes,1,,200,,200=>application/json:EmailTemplateDTO
email-templates,POST,/api-v2/email-templates,EmailTemplateController_create,Yes,0,application/json:CreateEmailTemplate,201,,201=>application/json:EmailTemplateDTO
email-templates,PUT,/api-v2/email-templates/{id},EmailTemplateController_update,Yes,1,application/json:UpdateEmailTemplate,200,,200=>application/json:EmailTemplateDTO
email-templates,DELETE,/api-v2/email-templates/{id},EmailTemplateController_remove,Yes,1,,200,,200=>application/json:number
email-variables,GET,/api-v2/email-variables,EmailVariablesController_index,Yes,7,,200,,
expense-types,GET,/api-v2/expense-types,ExpenseTypeController_index,Yes,7,,200,,200=>application/json:object
expense-types,GET,/api-v2/expense-types/{id},ExpenseTypeController_getById,Yes,1,,200,,200=>application/json:ExpenseTypeDTO
expense-types,POST,/api-v2/expense-types,ExpenseTypeController_create,Yes,0,application/json:CreateExpenseType,201,,201=>application/json:object
expense-types,PATCH,/api-v2/expense-types/{id},ExpenseTypeController_updateExpenseType,Yes,1,application/json:UpdateExpenseType,200,,200=>application/json:object
expense-types,DELETE,/api-v2/expense-types/{id},ExpenseTypeController_deleteExpenseType,Yes,1,,200,,200=>application/json:object
expenses,GET,/api-v2/expenses,ExpenseController_index,Yes,7,,200,,200=>application/json:object
expenses,GET,/api-v2/expenses/{id},ExpenseController_getById,Yes,1,,200,,200=>application/json:object
expenses,POST,/api-v2/expenses,ExpenseController_create,Yes,0,application/json:CreateExpense,201,,201=>application/json:object
expenses,PATCH,/api-v2/expenses/{id},ExpenseController_updateExpense,Yes,1,application/json:UpdateExpense,200,,200=>application/json:object
expenses,DELETE,/api-v2/expenses/{id},ExpenseController_deleteExpense,Yes,1,,200,,200=>application/json:object
external-amenities,GET,/api-v2/external-amenities,ExternalAmenitiesController_getExternalAmenities,Yes,0,,200,,200=>application/json:object
external-amenities,GET,/api-v2/external-amenities/icons,ExternalAmenitiesController_getExternalAmenityIcons,Yes,0,,200,,200=>application/json:object
external-amenities,POST,/api-v2/external-amenities,ExternalAmenitiesController_createExternalAmenity,Yes,0,application/json:CreateExternalAmenityValidation,201,,201=>application/json:object
external-amenities,PUT,/api-v2/external-amenities/{id},ExternalAmenitiesController_update,Yes,1,application/json:UpdateExternalAmenityValidation,200,,200=>application/json:ExternalAmenityDto
external-amenities,DELETE,/api-v2/external-amenities/{id},ExternalAmenitiesController_removeListingSectionItem,Yes,1,,200,,200=>application/json:object
failure-logs,GET,/api-v2/failure-logs,FailureLogsController_getAll,Yes,7,,200,,200=>application/json:object
file-upload,POST,/api-v2/file-upload,FileUploadController_create,Yes,0,,201,,
floor-plan-markers,GET,/api-v2/floor-plan-markers/locations/{locationId},FloorPlanController_getFloorPlanByLocationId,Yes,1,,200,,200=>application/json:object
floor-plan-markers,GET,/api-v2/floor-plan-markers/offices/{officeId},FloorPlanController_getFloorPanByOfficeId,Yes,1,,200,,200=>application/json:object
floor-plan-markers,POST,/api-v2/floor-plan-markers,FloorPlanController_create,Yes,0,application/json:CreateFloorPlanMarkerValidation,201,,201=>application/json:object
floor-plan-markers,DELETE,/api-v2/floor-plan-markers/locations/{locationId},FloorPlanController_deleteLocationMarkers,Yes,1,,200,,200=>application/json:object
form-template-fields,GET,/api-v2/form-template-fields,FormTemplateFieldsController_getAll,Yes,7,,200,,200=>application/json:FormTemplateFieldPaginator
form-template-fields,POST,/api-v2/form-template-fields,FormTemplateFieldsController_create,Yes,0,application/json:CreateFormTemplateFieldValidation,201,,201=>application/json:FormTemplateFieldDTO
form-template-fields,PATCH,/api-v2/form-template-fields/{id},FormTemplateFieldsController_update,Yes,1,application/json:UpdateFormTemplateFieldValidation,200,,200=>application/json:FormTemplateFieldDTO
form-templates,GET,/api-v2/form-templates,FormTemplatesController_getAll,Yes,7,,200,,200=>application/json:FormTemplatePaginator
form-templates,GET,/api-v2/form-templates/public/{id},FormTemplatesController_publicGetFromTemplate,Yes,1,,200,,200=>application/json:object
form-templates,POST,/api-v2/form-templates,FormTemplatesController_create,Yes,0,application/json:CreateFormTemplateValidation,201,,201=>application/json:FormTemplateDTO
form-templates,PATCH,/api-v2/form-templates/{id},FormTemplatesController_update,Yes,1,application/json:UpdateFormTemplateValidation,200,,200=>application/json:FormTemplateDTO
general-ledger,GET,/api-v2/general-ledger,GeneralLedgerController_index,Yes,3,,200,,
health,POST,/api-v2/health,HealthCheckController_check,Yes,0,,"200, 201",,200=>application/json:object; 201=>application/json:object; 503=>application/json:object
inspections,GET,/api-v2/inspections,InspectionsController_index,Yes,7,,200,,200=>application/json:object
inspections,GET,/api-v2/inspections/{id},InspectionsController_getById,Yes,2,,200,,200=>application/json:object
inspections,POST,/api-v2/inspections,InspectionsController_create,Yes,0,application/json:CreateInspection,201,,201=>application/json:object
inspections,POST,/api-v2/inspections/{id}/comments,InspectionsController_addComment,Yes,1,application/json:CreateInspectionCommentValidation,201,,201=>application/json:object
inspections,POST,/api-v2/inspections/{id}/send-reminder,InspectionsController_sendReminder,Yes,1,,201,,201=>application/json:object
inspections,PATCH,/api-v2/inspections/{id},InspectionsController_updateInspection,Yes,1,application/json:UpdateInspection,200,,200=>application/json:object
inspections,DELETE,/api-v2/inspections/comments/{id},InspectionsController_deleteInspectionComment,Yes,1,,200,,200=>application/json:object
inspections,DELETE,/api-v2/inspections/{id},InspectionsController_deleteInspection,Yes,1,,200,,200=>application/json:object
invoices,GET,/api-v2/invoices,InvoiceController_index,Yes,8,,200,,200=>application/json:object
invoices,GET,/api-v2/invoices/delinquency,InvoiceController_getAllOfficesHistoryDelinquency,Yes,1,,200,,
invoices,GET,/api-v2/invoices/expense-accrual,InvoiceController_getExpenseAccrual,Yes,8,,200,,200=>application/json:object
invoices,GET,/api-v2/invoices/expense-cash,InvoiceController_getExpenseCash,Yes,8,,200,,200=>application/json:object
invoices,GET,/api-v2/invoices/failed-integrations,InvoiceController_getFailedIntegrations,Yes,3,,200,,200=>application/json:object
invoices,GET,/api-v2/invoices/failed-to-be-sent-invoices,InvoiceController_getFailedToBeSentInvoices,Yes,7,,200,,200=>application/json:object
invoices,GET,/api-v2/invoices/getAllUnpaidInvoicesForCurrentMonth,InvoiceController_getAllUnpaidInvoicesForCurrentMonth,Yes,0,,200,,200=>application/json:array<InvoiceDTO>
invoices,GET,/api-v2/invoices/income-accrual,InvoiceController_getIncomeAccrual,Yes,8,,200,,200=>application/json:object
invoices,GET,/api-v2/invoices/income-cash,InvoiceController_getIncomeCash,Yes,8,,200,,200=>application/json:object
invoices,GET,/api-v2/invoices/invoice-extensions,InvoiceController_getInvoiceExtensions,Yes,7,,200,,200=>application/json:object
invoices,GET,/api-v2/invoices/invoice-extensions-within-date-range,InvoiceController_getInvoiceExtensionsWithinDateRange,Yes,3,,200,,200=>application/json:object
invoices,GET,/api-v2/invoices/invoice-extensions-within-date-range/owner,InvoiceController_getOwnerInvoiceExtensionsWithinDateRange,Yes,3,,200,,200=>application/json:object
invoices,GET,/api-v2/invoices/open-with-offices,InvoiceController_getOpenInvoicesWithOffices,Yes,1,,200,,200=>application/json:array<object>
invoices,GET,/api-v2/invoices/open-with-offices/owner,InvoiceController_getOwnerOpenInvoicesWithOffices,Yes,1,,200,,200=>application/json:array<object>
invoices,GET,/api-v2/invoices/recurring,InvoiceController_getInvoicesRecurringTemplate,Yes,7,,200,,200=>application/json:object
invoices,GET,/api-v2/invoices/recurring/{id},InvoiceController_getInvoicesRecurringTemplateById,Yes,1,,200,,200=>application/json:object
invoices,GET,/api-v2/invoices/tenant-ledger,InvoiceController_getAllTenantInvoicesPayments,Yes,2,,200,,
invoices,GET,/api-v2/invoices/vendor,InvoiceController_getVendorInvoices,Yes,7,,200,,200=>application/json:object
invoices,GET,/api-v2/invoices/within-date-range,InvoiceController_getInvoicesWithinDateWithOffices,Yes,3,,200,,200=>application/json:array<object>
invoices,GET,/api-v2/invoices/within-date-range/owner,InvoiceController_getOwnerInvoicesWithinDateWithOffices,Yes,3,,200,,200=>application/json:array<object>
invoices,GET,/api-v2/invoices/{id},InvoiceController_getById,Yes,2,,200,,200=>application/json:object
invoices,POST,/api-v2/invoices,InvoiceController_create,Yes,0,application/json:CreateInvoice,201,,
invoices,POST,/api-v2/invoices/preview,InvoiceController_getInvoicePreview,Yes,0,application/json:GetInvoicePreviewValidation,201,,201=>application/json:object
invoices,POST,/api-v2/invoices/recurring,InvoiceController_createRecurring,Yes,0,application/json:CreateRecurringValidation,201,,201=>application/json:object
invoices,POST,/api-v2/invoices/recurring/{id},InvoiceController_updateRecurring,Yes,1,application/json:CreateRecurringValidation,201,,201=>application/json:object
invoices,POST,/api-v2/invoices/recurring/{id}/consume,InvoiceController_consumeInvoiceTemplate,Yes,1,,201,,201=>application/json:object
invoices,POST,/api-v2/invoices/recurring/{id}/disable,InvoiceController_disableRecurring,Yes,1,,201,,201=>application/json:object
invoices,POST,/api-v2/invoices/recurring/{id}/enable,InvoiceController_enableRecurring,Yes,1,,201,,201=>application/json:object
invoices,POST,/api-v2/invoices/vendor,InvoiceController_createVendorInvoice,Yes,0,application/json:CreateVendorInvoiceValidation,201,,201=>application/json:object
invoices,PATCH,/api-v2/invoices/{id},InvoiceController_updateInvoice,Yes,1,application/json:UpdateSingleInvoiceValidation,200,,200=>application/json:object
invoices,DELETE,/api-v2/invoices/{id},InvoiceController_deleteInvoice,Yes,1,,200,,
journal-entries,GET,/api-v2/journal-entries,JournalEntriesController_index,Yes,7,,200,,200=>application/json:object
journal-entries,GET,/api-v2/journal-entries/{id},JournalEntriesController_getById,Yes,2,,200,,200=>application/json:JournalEntryDTO
journal-entries,POST,/api-v2/journal-entries,JournalEntriesController_create,Yes,0,application/json:CreateJournalEntry,201,,201=>application/json:object
journal-entries,PATCH,/api-v2/journal-entries/{id},JournalEntriesController_updateJournalEntry,Yes,1,application/json:UpdateJournalEntry,200,,200=>application/json:object
journal-entries,DELETE,/api-v2/journal-entries/{id},JournalEntriesController_deleteJournalEntry,Yes,1,,200,,200=>application/json:object
lead-metas,GET,/api-v2/lead-metas,LeadMetaController_getAll,Yes,7,,200,,200=>application/json:LeadMetaPaginatorDTO
lead-metas,GET,/api-v2/lead-metas/{id},LeadMetaController_getByLeadId,Yes,1,,200,,200=>application/json:array<LeadMetaDTO>
lead-metas,POST,/api-v2/lead-metas,LeadMetaController_create,Yes,0,application/json:CreateLeadMetaValidation,201,,201=>application/json:LeadMetaDTO
lead-metas,PATCH,/api-v2/lead-metas/{id},LeadMetaController_update,Yes,1,application/json:UpdateLeadMetaValidation,200,,200=>application/json:LeadMetaDTO
lead-metas,DELETE,/api-v2/lead-metas/{id},LeadMetaController_destroy,Yes,1,,200,,200=>application/json:number
lead-sources,GET,/api-v2/lead-sources,LeadSourceController_getAll,Yes,0,,200,,200=>application/json:array<LeadSourceDTO>
lead-sources,POST,/api-v2/lead-sources,LeadSourceController_create,Yes,0,application/json:CreateLeadSourceValidation,201,,201=>application/json:LeadSourceDTO
lead-sources,PATCH,/api-v2/lead-sources/{id},LeadSourceController_update,Yes,1,application/json:UpdateLeadSourceValidation,200,,200=>application/json:LeadSourceDTO
leads,GET,/api-v2/leads,LeadsController_getAll,Yes,7,,200,,200=>application/json:LeadPaginator
leads,GET,/api-v2/leads/broker,LeadsController_getAllLeadsByBrokerId,Yes,0,,200,,200=>application/json:object
leads,POST,/api-v2/leads,LeadsController_create,Yes,0,application/json:CreateLeadValidation,201,,201=>application/json:LeadDTO
leads,POST,/api-v2/leads/convert-lead-to-member/{id},LeadsController_convertLeadToMember,Yes,1,application/json:ConvertLeadToMember,201,,201=>application/json:object
leads,POST,/api-v2/leads/prompt-filling-application,LeadsController_prompt,Yes,0,application/json:PromptLeadToFillApplicationValidation,201,,201=>application/json:object
leads,PATCH,/api-v2/leads/{id},LeadsController_update,Yes,1,application/json:UpdateLeadValidation,200,,200=>application/json:LeadDTO
leads,DELETE,/api-v2/leads/{id},LeadsController_archive,Yes,1,,200,,200=>application/json:LeadDTO
listing-sections,GET,/api-v2/listing-sections,ListingSectionsControllers_getListingSections,No,0,,200,,200=>application/json:object
listing-sections,POST,/api-v2/listing-sections/add-item,ListingSectionsControllers_createListingSectionItem,No,0,application/json:CreateListingSectionItem,201,,201=>application/json:object
listing-sections,PUT,/api-v2/listing-sections/item/{id},ListingSectionsControllers_updateListingSectionItem,No,1,application/json:UpdateListingSectionItem,200,,200=>application/json:object
listing-sections,PUT,/api-v2/listing-sections/{id},ListingSectionsControllers_updateListingSection,No,1,application/json:UpdateListingSection,200,,200=>application/json:object
listing-sections,DELETE,/api-v2/listing-sections/item/{id},ListingSectionsControllers_removeListingSectionItem,No,1,,200,,200=>application/json:object
locations,GET,/api-v2/locations,LocationController_index,Yes,8,,200,,200=>application/json:object
locations,GET,/api-v2/locations/bank-accounts,LocationController_locationsBankAccounts,Yes,0,,200,,200=>application/json:object
locations,GET,/api-v2/locations/counter-headers,LocationController_headers,Yes,0,,200,,200=>application/json:object
locations,GET,/api-v2/locations/location-members,LocationController_locationMembers,Yes,6,,200,,200=>application/json:object
locations,GET,/api-v2/locations/location-payment-member,LocationController_locationPaymentMember,Yes,2,,200,,200=>application/json:object
locations,GET,/api-v2/locations/location-percentage/{id},LocationController_locationPercentage,Yes,1,,200,,200=>application/json:object
locations,GET,/api-v2/locations/location-settings/{id},LocationController_locationSettings,Yes,1,,200,,200=>application/json:object
locations,GET,/api-v2/locations/location-stats/{id},LocationController_stats,Yes,1,,200,,200=>application/json:object
locations,GET,/api-v2/locations/location-user/{id},LocationController_locationUser,Yes,1,,200,,200=>application/json:object
locations,GET,/api-v2/locations/member-saving-cross-report,LocationController_getMemberSavingReportForAllLocations,Yes,0,,200,,200=>application/json:object
locations,GET,/api-v2/locations/payment-vendors,LocationController_locationsVendors,Yes,0,,200,,200=>application/json:object
locations,GET,/api-v2/locations/property-ledger-report,LocationController_getPropertyLedger,Yes,3,,200,,
locations,GET,/api-v2/locations/total-sqft/{id},LocationController_getTotalSqftByLocationId,Yes,1,,200,,200=>application/json:object
locations,GET,/api-v2/locations/{id},LocationController_location,Yes,2,,200,,200=>application/json:object
locations,POST,/api-v2/locations,LocationController_locationCreate,Yes,0,application/json:CreateLocation,201,,201=>application/json:object
locations,PUT,/api-v2/locations/{id},LocationController_locationUpdate,Yes,1,application/json:UpdateLocation,200,,200=>application/json:object
lock-integration,GET,/api-v2/lock-integration/current,LockIntegrationController_getCurrentIntegration,Yes,0,,200,,200=>application/json:object
lock-integration,POST,/api-v2/lock-integration,LockIntegrationController_create,Yes,0,application/json:CreateLockIntegration,201,,201=>application/json:object
locks,GET,/api-v2/locks,LockController_getAllLocks,Yes,3,,200,,200=>application/json:array<GetLocksDto>
locks,GET,/api-v2/locks/groups,LockController_getAllLockGroups,Yes,0,,200,,200=>application/json:object
locks,POST,/api-v2/locks/login,LockController_login,Yes,0,application/json:SigninToLockGateway,201,,201=>application/json:object
locks,POST,/api-v2/locks/sync-locks,LockController_syncUserWithLockGroups,Yes,0,application/json:SyncUserWithLockGroups,201,,201=>application/json:object
locks,POST,/api-v2/locks/unlock-door,LockController_unlock,Yes,0,application/json:UnlockDoor,201,,201=>application/json:object
management-fee,GET,/api-v2/management_fee,ManagementFeeController_getAll,Yes,7,,200,,200=>application/json:object
management-fee,GET,/api-v2/management_fee/configuration,ManagementFeeController_getAllConfiguration,Yes,7,,200,,200=>application/json:object
management-fee,GET,/api-v2/management_fee/configuration/{id},ManagementFeeController_getConfigurationById,Yes,1,,200,,200=>application/json:object
management-fee,GET,/api-v2/management_fee/report,ManagementFeeController_getManagementFeeReport,Yes,3,,200,,200=>application/json:object
management-fee,POST,/api-v2/management_fee,ManagementFeeController_create,Yes,0,application/json:CreateManagementFeeValidation,201,,201=>application/json:object
management-fee,POST,/api-v2/management_fee/configuration,ManagementFeeController_createConfiguration,Yes,0,application/json:CreateManagementFeeConfigurationValidation,201,,201=>application/json:object
management-fee,DELETE,/api-v2/management_fee/configuration/{id},ManagementFeeController_deleteConfigurationById,Yes,1,,200,,200=>application/json:object
management-fee,DELETE,/api-v2/management_fee/{id},ManagementFeeController_deleteManagementFeeById,Yes,1,,200,,200=>application/json:object
members,GET,/api-v2/members,MemberController_index,Yes,7,,200,,200=>application/json:object
members,GET,/api-v2/members/get-payment-methods,MemberController_getMemberPaymentMethodsByEmail,Yes,1,,200,,200=>application/json:object
members,GET,/api-v2/members/outstanding-payment-report,MemberController_getOutstandingPaymentReport,Yes,3,,200,,200=>application/json:object
members,GET,/api-v2/members/tenant-autopay-off-report,MemberController_getTenantWhoAutopayOff,Yes,3,,200,,200=>application/json:object
members,GET,/api-v2/members/tenant-entry-report,MemberController_getTenantEntryReport,Yes,3,,200,,200=>application/json:object
members,GET,/api-v2/members/tenant-revenues-report,MemberController_getTenantRevenues,Yes,3,,200,,200=>application/json:object
members,POST,/api-v2/members/create-bulk-members,MemberController_createBulkMembers,Yes,0,application/json:CreateBulkMembersWithFileValidation,201,,201=>application/json:object
members,POST,/api-v2/members/send-email,MemberController_create,Yes,0,application/json:SendMemberAnEmailMessage,201,,201=>application/json:object
notifications,POST,/api-v2/notifications/send-email,EmailController_sendEmail,Yes,0,application/json:SendEmailMessageValidation,201,,201=>application/json:object
ocr-integration,GET,/api-v2/ocr-integration/invoice_template,OCRIntegrationController_getInvoiceTemplates,Yes,0,,200,,200=>application/json:object
ocr-integration,GET,/api-v2/ocr-integration/invoice_template/{id},OCRIntegrationController_getCompletedInvoiceTemplateById,Yes,1,,200,,200=>application/json:object
ocr-integration,POST,/api-v2/ocr-integration,OCRIntegrationController_create,Yes,0,application/json:OCRIntegrationValidation,201,,201=>application/json:object
ocr-integration,POST,/api-v2/ocr-integration/invoice_template/{id}/consume,OCRIntegrationController_consumeInvoiceTemplate,Yes,1,,201,,201=>application/json:object
ocr-integration,POST,/api-v2/ocr-integration/webhook,OCRIntegrationController_webhook,Yes,0,,201,,201=>application/json:object
offices,GET,/api-v2/offices,OfficesController_getAll,Yes,7,,200,,200=>application/json:array<OfficeDTO>
offices,GET,/api-v2/offices/amenities,OfficesController_getAmenities,Yes,3,,200,,200=>application/json:object
offices,GET,/api-v2/offices/feed/ZIF.xml,OfficesController_sendOfficeZIFXML,Yes,0,,200,,200=>application/json:object
offices,GET,/api-v2/offices/filters,OfficesController_getOfficeFilters,Yes,1,,200,,200=>application/json:object
offices,GET,/api-v2/offices/listings,OfficesController_getOfficesListing,Yes,7,,200,,200=>application/json:object
offices,GET,/api-v2/offices/listings/available-types,OfficesController_getAvailableTypes,Yes,0,,200,,200=>application/json:object
offices,GET,/api-v2/offices/listings/{id},OfficesController_getOfficeListingById,Yes,1,,200,,200=>application/json:object
offices,GET,/api-v2/offices/location-history,OfficesController_getAllOfficesHistoryByDate,Yes,2,,200,,200=>application/json:object
offices,GET,/api-v2/offices/location/{id},OfficesController_getOfficesByLocation,Yes,1,,200,,200=>application/json:object
offices,GET,/api-v2/offices/location/{id}/available,OfficesController_getAvailableOfficesByLocation,Yes,1,,200,,200=>application/json:object
offices,GET,/api-v2/offices/location/{id}/available-soon,OfficesController_findAllLeaseEndingOfficesByLocations,Yes,2,,200,,200=>application/json:object
offices,GET,/api-v2/offices/office-entry-report,OfficesController_getOfficeEntryReport,Yes,1,,200,,200=>application/json:object
offices,GET,/api-v2/offices/years,OfficesController_getMoveInYears,Yes,1,,200,,200=>application/json:object
offices,GET,/api-v2/offices/{id},OfficesController_getOfficeById,Yes,1,,200,,200=>application/json:object
offices,POST,/api-v2/offices/amenities,OfficesController_createAmenity,Yes,0,application/json:CreateAmenityValidation,201,,201=>application/json:object
offices,POST,/api-v2/offices/{id},OfficesController_updateMarketingInformation,Yes,1,application/json:UpdateOffice,201,,201=>application/json:object
offices-history,GET,/api-v2/offices-history/by-date/{groupby},OfficesHistoryController_getAllOfficesHistoryByDate,Yes,3,,200,,200=>application/json:object
offices-history,GET,/api-v2/offices-history/dashboard-move-in-out,OfficesHistoryController_getDashboardMoveInOut,Yes,3,,200,,200=>application/json:object
offices-history,GET,/api-v2/offices-history/occupied-offices,OfficesHistoryController_getOldOccupiedOffices,Yes,1,,200,,200=>application/json:object
offices-history,GET,/api-v2/offices-history/turnover-report,OfficesHistoryController_getTurnoverReport,Yes,3,,200,,200=>application/json:object
offices/report,GET,/api-v2/offices/report/consolidated-sales-report,OfficesReportController_getConsolidatedSalesReport,Yes,3,,200,,200=>application/json:object
offices/report,GET,/api-v2/offices/report/contract-value-report,OfficesReportController_getContractValueReport,Yes,3,,200,,200=>application/json:object
offices/report,GET,/api-v2/offices/report/lease-report,OfficesReportController_getLeaseReport,Yes,1,,200,,200=>application/json:object
offices/report,GET,/api-v2/offices/report/office-entry-report,OfficesReportController_getOfficeEntryReport,Yes,1,,200,,200=>application/json:object
offices/report,GET,/api-v2/offices/report/rent-change-report,OfficesReportController_getRentChangeReport,Yes,3,,200,,200=>application/json:object
offices/report,GET,/api-v2/offices/report/sales-report,OfficesReportController_getSalesReport,Yes,3,,200,,200=>application/json:object
offices/report,GET,/api-v2/offices/report/tenant-payment-report,OfficesReportController_getTenantPaymentReport,Yes,3,,200,,200=>application/json:object
offices/report,GET,/api-v2/offices/report/tenant-turnover-report,OfficesReportController_getOfficeTurnoverReport,Yes,3,,200,,200=>application/json:object
offices/report,GET,/api-v2/offices/report/unit-discount-logs-report,OfficesReportController_getUnitDiscountLogsReport,Yes,1,,200,,200=>application/json:object
offices/report,GET,/api-v2/offices/report/vacancy-report,OfficesReportController_getVacancyReport,Yes,1,,200,,200=>application/json:object
outgoing-payments,GET,/api-v2/outgoing-payments,OutGoingPaymentController_index,Yes,7,,200,,200=>application/json:object
outgoing-payments,GET,/api-v2/outgoing-payments/{id},OutGoingPaymentController_getById,Yes,1,,200,,200=>application/json:object
outgoing-payments,POST,/api-v2/outgoing-payments,OutGoingPaymentController_create,Yes,0,application/json:CreateOutgoingPayment,201,,201=>application/json:object
outgoing-payments,PATCH,/api-v2/outgoing-payments/{id},OutGoingPaymentController_updateOutGoingPayment,Yes,1,application/json:UpdateOutgoingPayment,200,,200=>application/json:object
outgoing-payments,DELETE,/api-v2/outgoing-payments/{id},OutGoingPaymentController_deleteOutGoingPayment,Yes,1,,200,,200=>application/json:object
owners,GET,/api-v2/owners,OwnerController_getAll,Yes,7,,200,,200=>application/json:array<object>
owners,GET,/api-v2/owners/{id},OwnerController_findById,Yes,1,,200,,200=>application/json:OwnerDto
owners,POST,/api-v2/owners,OwnerController_create,Yes,0,application/json:CreateOwnerValidation,201,,201=>application/json:OwnerDto
owners,PATCH,/api-v2/owners/{id},OwnerController_update,Yes,1,application/json:UpdateOwnerValidation,200,,200=>application/json:OwnerDto
owners,DELETE,/api-v2/owners/{id},OwnerController_deleteOwnerById,Yes,1,,200,,200=>application/json:object
package,GET,/api-v2/package,PackageController_index,Yes,7,,200,,200=>application/json:object
package,GET,/api-v2/package/{id},PackageController_getById,Yes,1,,200,,200=>application/json:object
package,POST,/api-v2/package,PackageController_create,Yes,0,application/json:CreatePackage,201,,201=>application/json:object
package,POST,/api-v2/package/{id}/reminder,PackageController_sendPackageReminder,Yes,1,,201,,201=>application/json:object
package,PATCH,/api-v2/package/{id},PackageController_updatePackage,Yes,1,application/json:UpdatePackage,200,,200=>application/json:object
package,PATCH,/api-v2/package/{id}/pick,PackageController_pickPackage,Yes,1,,200,,200=>application/json:object
package,DELETE,/api-v2/package/{id},PackageController_removePackage,Yes,1,,200,,200=>application/json:object
payment-batches,GET,/api-v2/payment-batches,PaymentBatchController_index,Yes,7,,200,,200=>application/json:object
payment-batches,GET,/api-v2/payment-batches/payment-processor,PaymentBatchController_getPaymentProcessorBatchById,Yes,1,,200,,200=>application/json:object
payment-batches,GET,/api-v2/payment-batches/{id},PaymentBatchController_getById,Yes,2,,200,,200=>application/json:object
payment-batches,POST,/api-v2/payment-batches,PaymentBatchController_create,Yes,0,application/json:CreatePaymentBatch,201,,201=>application/json:object
payment-batches,POST,/api-v2/payment-batches/webhook,PaymentBatchController_webhook,Yes,0,application/json:AutomaticBatchValidation,201,,201=>application/json:object
payment-batches,PUT,/api-v2/payment-batches/{id},PaymentBatchController_updateAccountingCode,Yes,1,application/json:UpdatePaymentBatch,200,,200=>application/json:object
payments,GET,/api-v2/payments,PaymentController_index,Yes,7,,200,,200=>application/json:object
payments,GET,/api-v2/payments/{id},PaymentController_getById,Yes,2,,200,,200=>application/json:object
payments,POST,/api-v2/payments,PaymentController_create,Yes,0,application/json:CreateBulkPayment,201,,201=>application/json:array<PaymentDTO>
payments,POST,/api-v2/payments/chargebacks,PaymentController_post,Yes,0,application/json:CreateChargeBackValidation,201,,201=>application/json:object
payments,PATCH,/api-v2/payments/{id},PaymentController_updatePayment,Yes,1,application/json:UpdatePayment,200,,200=>application/json:PaymentDTO
payments,DELETE,/api-v2/payments/{id},PaymentController_deletePayment,Yes,1,,200,,200=>application/json:number
pdf-integration,POST,/api-v2/pdf/future-invoice,PDFIntegrationController_getInvoiceTemplates,Yes,0,application/json:GenerateFutureInvoiceValidation,201,,201=>application/json:object
pipeline-stages,GET,/api-v2/pipeline-stages,PipelineStagesController_getAll,Yes,0,,200,,200=>application/json:array<PipelineStageDTO>
pipeline-stages,GET,/api-v2/pipeline-stages/{pipelineId},PipelineStagesController_getByPipelineId,Yes,1,,200,,200=>application/json:array<PipelineStageDTO>
pipeline-stages,POST,/api-v2/pipeline-stages,PipelineStagesController_create,Yes,0,application/json:CreatePipelineStageValidation,201,,201=>application/json:PipelineStageDTO
pipeline-stages,PATCH,/api-v2/pipeline-stages/{pipelineStageId},PipelineStagesController_update,Yes,1,application/json:UpdatePipelineStageValidation,200,,200=>application/json:PipelineStageDTO
pipelines,GET,/api-v2/pipelines,PipelineController_getAll,Yes,6,,200,,200=>application/json:PipelinePaginator
pipelines,POST,/api-v2/pipelines,PipelineController_create,Yes,0,application/json:CreatePipelineValidation,201,,201=>application/json:PipelineDTO
pipelines,PATCH,/api-v2/pipelines/{id},PipelineController_update,Yes,1,application/json:UpdatePipelineValidation,200,,200=>application/json:PipelineDTO
reconciliations,GET,/api-v2/reconciliations,ReconciliationController_index,Yes,7,,200,,200=>application/json:object
reconciliations,GET,/api-v2/reconciliations/{id},ReconciliationController_getById,Yes,2,,200,,200=>application/json:object
reconciliations,POST,/api-v2/reconciliations,ReconciliationController_create,Yes,0,application/json:CreateReconciliation,201,,201=>application/json:object
reconciliations,PUT,/api-v2/reconciliations/{id},ReconciliationController_updateReconciliation,Yes,1,application/json:UpdateReconciliation,200,,200=>application/json:object
reconciliations,DELETE,/api-v2/reconciliations/{id},ReconciliationController_deleteById,Yes,1,,200,,200=>application/json:object
registers,GET,/api-v2/registers,RegisterController_index,Yes,8,,200,,200=>application/json:object
registers,GET,/api-v2/registers/12-months-rolling,RegisterController_twelve_months_rolling,Yes,8,,200,,200=>application/json:object
registers,GET,/api-v2/registers/balance-sheet,RegisterController_balanceSheet,Yes,8,,200,,
registers,GET,/api-v2/registers/budget-vs-actual,RegisterController_getBudgetVsActualReport,Yes,3,,200,,200=>application/json:object
registers,GET,/api-v2/registers/income-expense-report,RegisterController_getIncomeExpenseTransactionReport,Yes,8,,200,,
registers,GET,/api-v2/registers/member/{memberId},RegisterController_getMemberInvoices,Yes,1,,200,,200=>application/json:object
registers,GET,/api-v2/registers/operating-statement,RegisterController_operating_statement,Yes,8,,200,,200=>application/json:object
registers,GET,/api-v2/registers/pnl,RegisterController_pnl,Yes,6,,200,,200=>application/json:object
registers,GET,/api-v2/registers/total,RegisterController_total,Yes,8,,200,,200=>application/json:object
scheduledReports,GET,/api-v2/scheduled-reports,ScheduledReportsController_index,Yes,0,,200,,200=>application/json:object
scheduledReports,GET,/api-v2/scheduled-reports/test,ScheduledReportsController_test,Yes,0,,200,,
scheduledReports,POST,/api-v2/scheduled-reports,ScheduledReportsController_create,Yes,0,application/json:CreateScheduledReportDtoValidation,201,,201=>application/json:object
scheduledReports,PATCH,/api-v2/scheduled-reports/{id},ScheduledReportsController_update,Yes,1,application/json:UpdateScheduledReportDtoValidation,200,,200=>application/json:object
settings,GET,/api-v2/settings/approval-config,SettingsControllers_getApprovalViewers,No,0,,200,,200=>application/json:object
settings,GET,/api-v2/settings/listings,SettingsControllers_getListingSettings,No,0,,200,,200=>application/json:object
settings,GET,/api-v2/settings/version,SettingsControllers_getVersion,No,0,,200,,
settings,PUT,/api-v2/settings/approval-bills,SettingsControllers_updateApprovalBills,No,0,application/json:UpdateBillApprovalType,200,,200=>application/json:object
settings,PUT,/api-v2/settings/external,SettingsControllers_updateExternalSettings,No,0,application/json:array<string>,200,,200=>application/json:object
settings,PUT,/api-v2/settings/update-invoice-reminder-cron/{id},SettingsControllers_updateInvoiceReminderCron,No,1,application/json:UpdateInvoiceReminderCron,200,,
settings,PUT,/api-v2/settings/{id},SettingsControllers_update,No,1,application/json:UpdateClientSettings,200,,
ticket-tags,GET,/api-v2/ticket-tags,TicketTagsController_findAll,Yes,7,,200,,200=>application/json:object
ticket-tags,GET,/api-v2/ticket-tags/get-vendor-referral-tag-assignments,TicketTagsController_getAllAssignments,Yes,7,,200,,200=>application/json:object
ticket-tags,POST,/api-v2/ticket-tags/assign-vendor-to-tag,TicketTagsController_createReferralTagAssignments,Yes,0,application/json:CreateReferralTagAssignment,201,,201=>application/json:object
ticket-tags,PATCH,/api-v2/ticket-tags/update-assign-vendor/{id},TicketTagsController_updateReferralTagAssignment,Yes,1,application/json:UpdateReferralTagAssignment,200,,200=>application/json:object
ticket-tags,DELETE,/api-v2/ticket-tags/delete-assign-vendor/{id},TicketTagsController_removeReferralTagAssignment,Yes,1,,200,,200=>application/json:object
tickets,GET,/api-v2/tickets,TicketsController_findAll,Yes,7,,200,,200=>application/json:object
tickets,GET,/api-v2/tickets/{id}/comments,TicketsController_getAllTicketComments,Yes,1,,200,,200=>application/json:object
time-logs,GET,/api-v2/time-logs,TimeLogsController_get,Yes,7,,200,,200=>application/json:object
time-logs,GET,/api-v2/time-logs/time-logs-report,TimeLogsController_getOutstandingCamsReport,Yes,3,,200,,
time-logs,GET,/api-v2/time-logs/{id},TimeLogsController_getById,Yes,2,,200,,200=>application/json:object
time-logs,POST,/api-v2/time-logs,TimeLogsController_create,Yes,0,application/json:CreateTimeLogValidation,201,,201=>application/json:object
time-logs,PUT,/api-v2/time-logs/{id},TimeLogsController_update,Yes,1,application/json:UpdateTimeLogValidation,200,,200=>application/json:object
time-logs,DELETE,/api-v2/time-logs/{id},TimeLogsController_deleteById,Yes,1,,200,,200=>application/json:object
tours,GET,/api-v2/tours,ToursController_getAll,Yes,7,,200,,200=>application/json:ToursPaginator
tours,POST,/api-v2/tours,ToursController_create,Yes,0,application/json:CreateTour,201,,201=>application/json:TourDTO
tours,PATCH,/api-v2/tours/{id},ToursController_update,Yes,1,application/json:UpdateTour,200,,200=>application/json:TourDTO
tours,PATCH,/api-v2/tours/{id}/approve,ToursController_approve,Yes,1,,200,,200=>application/json:object
tours,PATCH,/api-v2/tours/{id}/reject,ToursController_reject,Yes,1,application/json:DeclineTourValidation,200,,200=>application/json:object
transaction-account,GET,/api-v2/transaction-account,TransactionAccountController_index,Yes,7,,200,,200=>application/json:object
transaction-account,GET,/api-v2/transaction-account/reports/{id},TransactionAccountController_getTransactionAccountReport,Yes,9,,200,,200=>application/json:TransactionAccountDTO
transaction-account,GET,/api-v2/transaction-account/{id},TransactionAccountController_getById,Yes,1,,200,,200=>application/json:object
transaction-account,POST,/api-v2/transaction-account,TransactionAccountController_create,Yes,0,application/json:CreateTransactionAccount,201,,201=>application/json:object
transaction-account,PATCH,/api-v2/transaction-account/{id},TransactionAccountController_updateTransactionCode,Yes,1,application/json:UpdateTransactionAccount,200,,200=>application/json:object
transaction-account-type,GET,/api-v2/transaction-account-type,TransactionAccountTypeController_index,Yes,7,,200,,200=>application/json:object
transaction-account-type,GET,/api-v2/transaction-account-type/{id},TransactionAccountTypeController_getById,Yes,1,,200,,200=>application/json:object
ui-settings,GET,/api-v2/ui-settings,UiSettingsControllers_getUiSettings,No,0,,200,,200=>application/json:object
ui-settings,PUT,/api-v2/ui-settings,UiSettingsControllers_updateExternalSettings,No,0,application/json:array<string>,200,,200=>application/json:object
untagged,POST,/api-v2/sms,SmsController_sendSmsAlert,No,0,application/json:SendSmsAlertValidation,201,,201=>application/json:object
untagged,POST,/api-v2/sms/message,SmsController_sendSmsMessage,No,0,application/json:SendSmsMessageValidation,201,,201=>application/json:object
untagged,POST,/api-v2/sms/webhook,SmsController_receiveSms,No,0,application/json:TwilioWebhookResponseDto,201,,
users,GET,/api-v2/users,UsersController_index,Yes,7,,200,,200=>application/json:object
users,GET,/api-v2/users/brokers,UsersController_getBrokers,Yes,0,,200,,200=>application/json:object
users,GET,/api-v2/users/ids,UsersController_indexByIds,Yes,1,,200,,200=>application/json:object
users,GET,/api-v2/users/{id},UsersController_getById,Yes,1,,200,,200=>application/json:object
users,POST,/api-v2/users,UsersController_create,Yes,0,application/json:CreateUser,201,,201=>application/json:UserDTOWithoutToken
users,PUT,/api-v2/users/info/{id},UsersController_updateUserInfo,Yes,0,application/json:UpdateUserInfo,200,,200=>application/json:object
users,PUT,/api-v2/users/permissions,UsersController_assignPermissions,Yes,0,application/json:PermissionsValidations,200,,200=>application/json:object
users,PUT,/api-v2/users/{id},UsersController_updateUser,Yes,0,application/json:UpdateUser,200,,200=>application/json:object
users,DELETE,/api-v2/users/permissions,UsersController_revokePermissions,Yes,0,application/json:PermissionsValidations,200,,200=>application/json:object
users,DELETE,/api-v2/users/{id},UsersController_delete,Yes,1,,200,,200=>application/json:object
vendors,GET,/api-v2/vendors,VendorController_index,Yes,7,,200,,200=>application/json:object
vendors,GET,/api-v2/vendors/{id},VendorController_getById,Yes,2,,200,,200=>application/json:object
vendors,POST,/api-v2/vendors,VendorController_create,Yes,0,application/json:CreateVendor,201,,201=>application/json:object
vendors,PATCH,/api-v2/vendors/{id},VendorController_updateVendor,Yes,1,application/json:UpdateVendor,200,,200=>application/json:object
zones,GET,/api-v2/zones,ZoneController_index,Yes,6,,200,,200=>application/json:object
zones,GET,/api-v2/zones/{id},ZoneController_getById,Yes,1,,200,,200=>application/json:object
